id,dim0,dim1,split
3dcdfc352a06_image,3480,4248,test
c39146cbda47_image,3488,4256,test
951211f8e1bb_image,2320,2832,test
5e0e7acd9c7d_image,2800,3408,test
5b8ee5baa1d5_image,2320,2832,test
ced40f593496_image,2874,2800,test
cea591e99b8a_image,2544,3056,test
f6ba3df9a8be_image,3480,4248,test
dbae9b9b9500_image,1760,2140,test
695e2c6dede4_image,2048,2500,test
51635cbfbe18_image,2617,3208,test
af7d1bd1d629_image,3480,4248,test
0cccb1eca1fc_image,1140,1387,test
5af15b21333b_image,3488,4256,test
fec0249d70e4_image,2012,2012,test
ad98af65ad2a_image,3520,4280,test
53b4af5b74d7_image,2991,2992,test
26fa9834387e_image,2381,2848,test
6c42a41a6c6e_image,3480,4240,test
e92b08b5a77c_image,2539,3050,test
961a766a5511_image,3384,3320,test
520a1a7b039b_image,2320,2832,test
927bd54fd2dd_image,2539,3050,test
ea39ebfacca2_image,2801,2802,test
e226747a2d76_image,3488,4256,test
0718c860f2ee_image,2539,3050,test
ac238e67fdc5_image,2576,2719,test
1c5aa8c405c7_image,2576,2719,test
895701fa488e_image,3032,3032,test
1d674718db40_image,2336,2836,test
19e9733ee506_image,2320,2828,test
8180af690aef_image,3480,4240,test
94cb9518e355_image,2801,2798,test
4c4737c3e3f8_image,2801,2802,test
f1b66ff8f4eb_image,2336,2836,test
29c992128fbd_image,2336,2836,test
572d5c14fc66_image,2320,2832,test
fb073252b364_image,2336,2836,test
82589da89e95_image,3480,4248,test
5020cd97beb8_image,2520,3032,test
ad3e33d5f844_image,2520,3032,test
5472531dd991_image,2801,2802,test
7bba27555fe4_image,2336,2836,test
9b3eae4045c8_image,2010,2446,test
2d6a4bc38540_image,3488,4256,test
a24bc9ab2ea8_image,2800,3408,test
e134e2ffdfaf_image,2800,3408,test
e002731bb6cb_image,2204,2696,test
a72e1270f4cd_image,2516,3027,test
dcf6740dbc49_image,2544,3056,test
b6e6bb7b58d1_image,3480,4248,test
4acbd31eafd5_image,2330,2846,test
ac634dd7e884_image,2965,2981,test
f35d7c728684_image,2539,3050,test
37034ce54151_image,3480,4248,test
50537bcf4cc2_image,3480,4248,test
d25061b50086_image,3488,4256,test
2ae9c4c6566f_image,1140,1387,test
36141cda67ad_image,3480,4240,test
435bc0fcb0ab_image,2800,3005,test
21ab319a926c_image,2330,2670,test
252552312a42_image,3520,4280,test
50c0e40fd929_image,2520,3032,test
34834851ec56_image,2336,2836,test
1199fd9f2aba_image,2991,2992,test
670989e56968_image,2544,3056,test
41c25ec8c44c_image,3000,3000,test
f90deb13b3e2_image,2336,2836,test
4d7b06512cc1_image,3488,4256,test
a591e663f4d8_image,2800,3376,test
54066d711ef9_image,2247,2584,test
ab276c041ef9_image,3488,4256,test
8f1894f52499_image,2800,3408,test
f34e1aaea8a0_image,3488,4256,test
130aa9d3716d_image,2580,3050,test
5765f6b4707d_image,2330,2846,test
17ac0fe388c7_image,2010,2446,test
d4ffcfab21d4_image,2544,3056,test
4905b651a091_image,2951,2959,test
62eca401e981_image,3480,4248,test
c8538fe73673_image,2800,2794,test
14db2ff155f6_image,2330,2846,test
e0daaf8d36a4_image,2010,2431,test
dc0b4b3495c4_image,1140,1387,test
3bacdbd6ce10_image,3480,4248,test
b96333d66af7_image,2939,2950,test
6af96c8a94c9_image,2801,2802,test
f7036442740b_image,2539,3050,test
e8cc6a2f117c_image,2544,3056,test
022146012034_image,2801,2802,test
d997c6c6a9b4_image,2290,2846,test
9114c5437cfb_image,3480,4240,test
5aa20bb0feb2_image,2336,2836,test
95381cfcbf0c_image,2336,2836,test
acd735d74d02_image,2336,2836,test
eea4c86f42d5_image,2076,2660,test
75b2c9f1f232_image,2961,2984,test
8b354d4a216f_image,3480,4240,test
1b0d0622ccea_image,2416,3048,test
d6af3acc4ce6_image,2336,2836,test
2b7e9cf46376_image,1760,2140,test
33d456320f28_image,2436,3032,test
36500eabad2d_image,2400,2880,test
3f8195c5362d_image,3480,4240,test
e71a18669122_image,3480,4240,test
05feea9719f5_image,2544,3056,test
179291642620_image,3488,4256,test
885136bc24c1_image,2801,2802,test
7553bffc2232_image,3480,4240,test
b56f4eda9cea_image,1140,1387,test
6eb71d191dec_image,2540,2880,test
60f94703051a_image,2336,2836,test
070cbe2d3dbb_image,2544,3056,test
1137ee93363f_image,3488,4256,test
208c4c416450_image,2544,3056,test
2be1c227dbf2_image,2512,2984,test
10d3c965a5b4_image,2512,2984,test
b9f9619f02ba_image,2336,2836,test
95ed767a23e3_image,2536,3048,test
0e97cc4123aa_image,2544,3056,test
d7cb763ec2b1_image,1852,2054,test
03a778f5a68b_image,3488,4256,test
83594e6ad0ba_image,2516,3027,test
eebfaa5e1a65_image,2516,3027,test
854f9f3e562f_image,3480,4248,test
9850b5470fd6_image,2330,2382,test
81646eb45af3_image,3480,4248,test
11349660bb1a_image,1140,1387,test
af31df978fe9_image,2801,2802,test
9310ceec556a_image,3480,4240,test
7603bfc07ffd_image,3480,4240,test
5ee582e2463a_image,2320,2832,test
0a0c1312be06_image,3480,4240,test
8c452e8e1278_image,2544,3056,test
2b59777ebc31_image,3480,4240,test
b37ae8cb220b_image,2801,2802,test
458417ad6155_image,2330,2846,test
2250e31a4999_image,1760,2140,test
b362aec0b6c5_image,2544,3056,test
50243b2cdb56_image,2330,2846,test
866f58f2ff1f_image,2336,2836,test
b08f26e45762_image,3320,3408,test
9271b6df7062_image,3052,3004,test
82e1a7088c64_image,2436,3032,test
720a67515500_image,2544,3056,test
a4c570b129c3_image,2544,3056,test
3b4e41cb8212_image,2536,3048,test
f625309a6d62_image,3130,3320,test
5f65421ff6fd_image,2937,2797,test
97324905f48f_image,4020,4891,test
91a36aae8b27_image,2539,3043,test
059eae61ad15_image,2371,2906,test
240bf89e4d58_image,2539,3050,test
d3b7a21b2ce2_image,2336,2836,test
9f526498d12b_image,2455,2394,test
18e6a4083920_image,2539,3050,test
ea1c164158da_image,2540,2880,test
7f49e2face0c_image,2320,2832,test
ac2562a40897_image,2801,2802,test
acc3e6eff7c8_image,2837,2979,test
e5a860104190_image,2330,2846,test
6fd59d569aa1_image,3480,4240,test
503a6e0884c6_image,2752,2867,test
c5b3475f3ea5_image,2336,2836,test
36a2991ffe0e_image,2955,2975,test
6a0889223a38_image,3488,3488,test
c5a76564ef83_image,3480,4240,test
66ca7bb52ab9_image,3480,4248,test
eaad41dd9fe3_image,3480,4240,test
e23027c8bea6_image,3320,3408,test
fbf51388c4ff_image,2945,3000,test
e47df1ad9ccf_image,2520,3032,test
4e126f476f86_image,2320,2832,test
aa6c8c46a05f_image,2544,3056,test
1dfed0992998_image,3137,3521,test
00fc8fc35dc1_image,4240,3480,test
7fb9c360a3a0_image,3004,3052,test
a52729755130_image,2544,3056,test
aebc1d3a968d_image,2800,3408,test
4855b78e0df2_image,2544,3056,test
8e4fd6198ae9_image,2956,3052,test
f900aac4111b_image,3032,3032,test
88e9dabee5fc_image,3052,2972,test
1fb5ca50e8d3_image,2330,2846,test
eaec01e48714_image,2320,2832,test
376d6d181b25_image,2320,2832,test
d7aaf0a52df3_image,1760,2140,test
89ee5be93326_image,1760,2140,test
8b7e42d19053_image,2416,2872,test
926aeec260b1_image,2544,3056,test
26102c3f4f0f_image,2544,3056,test
c3d0378f8856_image,3480,4248,test
cdcfbf2ca285_image,2336,2836,test
78adeeaa636c_image,2544,3056,test
23fd057dce2b_image,2800,2758,test
39f8e38c9d43_image,2320,2832,test
ca7b91d018c7_image,2544,3056,test
caa431721668_image,2544,3056,test
262f3525e16a_image,2800,2926,test
3cccbd897c39_image,3052,3052,test
661343e25b55_image,3480,4240,test
2565c5ccfba1_image,2539,3050,test
acab76326ba1_image,2010,2431,test
60197b6237e4_image,2544,3056,test
aaef254ce2b3_image,3000,3000,test
de1b8900bf84_image,1140,1387,test
37c6c0aee54b_image,2320,2832,test
fcdb115a918f_image,2336,2836,test
7d27573ab0c5_image,2520,3032,test
c75d657e8065_image,3488,4256,test
5a0de0207028_image,3480,4240,test
92c25d90d0a8_image,3480,4248,test
56414fb3f177_image,2010,2431,test
a522fd19d916_image,2539,3050,test
3b7ae6879147_image,2778,2808,test
94ddca484ebf_image,2330,2846,test
e7b2a9418b98_image,2416,2872,test
89128c0fa9f4_image,2544,3056,test
deb2db0a0efb_image,2544,3056,test
6c45d9b8e386_image,1760,2140,test
5fbc3a77d700_image,3480,4248,test
714c44f479b0_image,2544,3056,test
b3e31b3aeba4_image,3032,3032,test
24ef59e133f6_image,2336,2836,test
5dfad16f8d65_image,2520,3032,test
4ea555b6e2a8_image,2367,3053,test
dc58aecf62e3_image,3488,4256,test
37d6750b5282_image,1760,2140,test
69d1134dccc6_image,2893,2990,test
1eb558739c44_image,2320,2832,test
875cf71bd22a_image,2520,3032,test
35d6801ca10a_image,2658,3408,test
731b94c566ef_image,1760,2140,test
1dccbb75ffba_image,2801,2798,test
ebf5edbbed2d_image,2800,3408,test
b9ebfc00c1b5_image,2428,3060,test
bbbd7ab57e75_image,2800,3408,test
586b00a19a17_image,2800,3408,test
2d58009c5ade_image,2330,2597,test
1aa1491c9cd1_image,2340,2972,test
5699fc89704f_image,2544,3056,test
5c9f41283e7c_image,2536,3048,test
a3d2fd5ef626_image,2560,3072,test
82d09edcbfc4_image,3052,3052,test
1f737bcf6fe9_image,2182,2147,test
d0439f9e0dcd_image,2544,3056,test
0be236941397_image,2544,3056,test
cad5ad977e21_image,2539,3050,test
045c1e859dfa_image,2623,2654,test
5c88a5fc55e7_image,2436,3032,test
2663588e7048_image,3480,4248,test
accc3b15a2d4_image,3488,4256,test
16972e92e827_image,2540,2880,test
d8b8ef2bcbf6_image,2180,2660,test
9b8610d78de1_image,3076,3758,test
bef0837ba654_image,2400,2880,test
be6bf80c7071_image,2388,2553,test
84dd9eff2ecf_image,3480,4240,test
4e01dd0a5fdf_image,3032,3032,test
78ff4d296adf_image,2336,2836,test
a459429226e0_image,2304,2880,test
ef661638c8c0_image,1760,2140,test
cb3eb8d1abd3_image,2320,2828,test
9e63fbef3c21_image,3488,4256,test
c3afb9da2ebc_image,2539,3050,test
a29c5a68b07b_image,2320,2828,test
8d6dea06a032_image,2422,3344,test
80e7a6e59bde_image,2972,2995,test
db15ead7ab00_image,2801,2802,test
629ef3bd6a66_image,2436,3032,test
789ef0f544c3_image,2320,2828,test
06df1e2fde68_image,3480,4240,test
700b4524a9cf_image,2800,3159,test
26da12104c4d_image,3480,4240,test
cb26c1aef6fb_image,2336,2836,test
28b8c44feeb7_image,3488,4256,test
07db3756ec28_image,1760,2140,test
e987cb5ca98b_image,1140,1387,test
2fd67e10bfe7_image,2544,3056,test
96e1e1cf5431_image,4020,4891,test
275c11b52bec_image,3480,4240,test
948e9f366810_image,2320,2832,test
86734b7cc20f_image,2544,3056,test
3550632514dc_image,1760,2140,test
7d68127f8818_image,3480,4240,test
68b95eed58ed_image,3052,3028,test
c47fc2a4baaf_image,2991,2826,test
aee5e3feb1a2_image,2336,2836,test
59a0fc64bd20_image,2684,2800,test
f02e557a36dc_image,2684,2800,test
127c2b32dd5d_image,2684,2800,test
318a1ecb6fc7_image,2618,2800,test
97de5453f769_image,2618,2800,test
3b4ab121cbd4_image,2618,2800,test
8c6d6a69d5dd_image,2618,2800,test
d1be32513936_image,2336,2836,test
1fcfc9845e81_image,2611,2774,test
1d9a8f9f0eef_image,2524,3060,test
fd322d964dc7_image,2107,2437,test
b3c8408f4064_image,2436,3032,test
2c1c4ab77d52_image,2400,2880,test
ba91d37ee459_image,2320,2832,test
97998832742c_image,2336,2836,test
0c81b34981b3_image,3032,3032,test
dee71f5c5b9c_image,2843,2807,test
f7cbc735f105_image,2874,2816,test
abee6a2d0bf5_image,1140,1387,test
a2460d88071d_image,2021,2021,test
b150add375b5_image,2544,3056,test
2910a7781437_image,2010,2446,test
0fedf74dc163_image,2416,2872,test
35271bec39b5_image,3480,4240,test
7230f166720e_image,2428,2428,test
047ba804182b_image,2328,2521,test
51a0100c5921_image,3480,4248,test
818065156194_image,4020,4891,test
1e9b7b493e47_image,2544,3056,test
2743e121b370_image,2320,2832,test
8927235865c9_image,2991,2992,test
173c3e37e1f3_image,2801,2802,test
864372de3df3_image,2832,2320,test
6fd7971538df_image,2991,2992,test
63173909bed5_image,2336,2836,test
45bc12129df2_image,2540,2880,test
2e4e44dfe103_image,2416,2872,test
08992bd07010_image,2309,2467,test
2a31b1526915_image,2801,2802,test
af6abf791a39_image,1140,1387,test
eb632adfa113_image,2330,2782,test
da263425b379_image,2801,2802,test
a84c79aac3c0_image,2520,3032,test
daf0bd7ba1b4_image,2520,3032,test
87c51db67bf7_image,2320,2832,test
c26e3ae08056_image,3052,3052,test
b5f9a65597f2_image,2330,2846,test
5db9599cf9f7_image,2516,3027,test
afe360acb63b_image,2642,3113,test
d4afc9da3448_image,3107,3408,test
d1912847d707_image,2320,2832,test
877b017a6d20_image,3480,4240,test
81eb1b621a83_image,2874,2840,test
c3ded8550e66_image,2946,2654,test
e85bb0bcca1f_image,2801,2802,test
f1b95b972b74_image,2935,3408,test
1ade3b5d0699_image,2416,2872,test
beb80bb88a6e_image,2330,2846,test
9b7cee40d0a7_image,2520,3032,test
8757ce9b582c_image,2336,2836,test
36b323299f7e_image,1140,1387,test
5dd9e477a6ee_image,1140,1387,test
553cc2a7b556_image,2320,2832,test
394892cb8a63_image,1760,2140,test
65a5d46ef968_image,1760,2140,test
ba4b17aaafc2_image,4240,3480,test
1e1734034b0f_image,2544,3056,test
44b12000b7bf_image,3480,4248,test
13a28f6783b2_image,2520,3032,test
1450e124011a_image,2540,2880,test
8032d270ede6_image,2048,2500,test
b4a7026fe17c_image,2544,3056,test
f49845505871_image,3480,4248,test
d4a4dc17bb61_image,2520,3032,test
fb1e3b68864d_image,2520,3032,test
51d2f37f3f60_image,3480,4248,test
7b5d82423dec_image,2336,2836,test
38b2e04ea601_image,2336,2836,test
5fba37ac7937_image,3052,3052,test
81ca75341b65_image,2958,2986,test
14eb73431579_image,2539,3050,test
4eecfe2a4de1_image,2520,3032,test
9b934d581e5d_image,2801,2802,test
bf30cc575dc9_image,4020,4891,test
ad56b89a81c7_image,2296,2836,test
ccb685c76038_image,2801,2802,test
4d1bf3193a0c_image,2336,2836,test
3d47cc325262_image,3020,3052,test
4ccb8a39c77a_image,2336,2550,test
65acc1fb99a3_image,2988,3020,test
b4d04b517ef8_image,2991,2992,test
cf2bb9880db5_image,1632,2555,test
f91fbbfe4682_image,2330,2846,test
897e2799654c_image,2544,3056,test
b1c455a826eb_image,2336,2836,test
804538984842_image,1695,2022,test
120ce3e7cd73_image,2124,2428,test
bb425c8a4aae_image,2263,2378,test
b1b46fa2505e_image,2544,3056,test
d2289e68cca1_image,2336,2836,test
a2c0d74fda88_image,2436,3032,test
33087aa9853d_image,2539,3050,test
cf0007295ff6_image,2400,2880,test
95a69615f643_image,2010,2431,test
4fc12ae446a8_image,3480,4248,test
a27f34f4faa2_image,2336,2836,test
b1115b344129_image,3480,4248,test
a9035a2d34f2_image,3488,4256,test
ef25824e7b3a_image,2336,2836,test
d0de673a7b63_image,2956,2860,test
93dd10a00c51_image,3052,3052,test
2413a23a5477_image,2320,2832,test
4f1ad3374103_image,2544,3056,test
af13d77fc159_image,2320,2832,test
95b2cd351ef0_image,2014,2014,test
9998acc77910_image,2336,2836,test
290d07d7480f_image,2436,3032,test
5fbec0b4056c_image,2330,2846,test
3a20fde98cdc_image,2336,2836,test
0f01c0517022_image,1760,2140,test
88782677cbec_image,1140,1387,test
275513358c80_image,3020,3052,test
a91b4b59c145_image,2495,2625,test
c010822b2938_image,1760,2140,test
82eed39dfb6b_image,2336,2836,test
95691f6666a0_image,2805,2802,test
0a3a99612b28_image,1140,1387,test
b246eb99760f_image,2544,3056,test
05435da60872_image,2320,2832,test
dc6834a1efa6_image,2597,2621,test
a8de2b8aae69_image,2336,2836,test
1ba8aa7acf76_image,2336,2836,test
3b9fc021b611_image,3480,4248,test
100316af8a36_image,2330,2846,test
c6a555431645_image,3480,4240,test
87c38eda11ed_image,2540,2880,test
718676f11609_image,2544,3056,test
9cbc2fd041a7_image,4020,4891,test
cc495995f8f5_image,3032,3032,test
eb793f1aa7a1_image,2336,2836,test
681766974456_image,2544,3056,test
3d465a00a9b6_image,3480,4248,test
e88f293bc83a_image,2320,2832,test
ab15692269fc_image,2800,3408,test
bc72a19f5d87_image,2800,2874,test
a22e6a0c0ec3_image,2544,3056,test
1eae0890a6ad_image,2544,3056,test
eb9a9b9a0870_image,2330,2673,test
0dc27df9b1bf_image,2336,2836,test
4f83ec489a15_image,3488,4256,test
576cbe3e3680_image,2800,3408,test
7f30a3c92da5_image,4020,4891,test
65be7fc2448a_image,2117,2514,test
80af9d802a16_image,2874,2840,test
d7e440b4dc62_image,2539,3050,test
a37a362df0ac_image,3480,4240,test
859cac874454_image,2320,2828,test
55ea6ce07bdd_image,1760,2140,test
b717534f157a_image,2801,2798,test
b83b916b6714_image,2330,2846,test
7a608ecc4868_image,2330,2846,test
bab3c8aa789b_image,3480,4240,test
16237f3bc333_image,2542,3045,test
8ad2e769d2b0_image,2539,3050,test
99b475d1d2ec_image,2416,2872,test
2be224a00fac_image,2416,2872,test
9ad1e1a0f97d_image,3480,4248,test
731910f93559_image,3480,4240,test
962e120703d1_image,2801,2802,test
1177e1bef164_image,2336,2836,test
5cb984539107_image,2800,3408,test
5c8c441a0650_image,2800,3157,test
7571cda597cb_image,2544,3056,test
4ece84b1cfb8_image,2330,2846,test
9aa2c2119c43_image,2544,3056,test
d832414be226_image,2336,2836,test
c13357e59083_image,2304,2880,test
eb5787b68520_image,2336,2836,test
f2200b845e93_image,1972,2012,test
c955b7274092_image,2539,3050,test
0db323463d0a_image,3488,3642,test
62fb484194fb_image,2320,2832,test
cede944b70a5_image,2539,3050,test
18a23df4fe99_image,3480,4248,test
26f55b8a7a94_image,2544,3056,test
e9a3b9253cd3_image,3480,4248,test
7230234e120a_image,2318,2383,test
293014c67757_image,2320,2832,test
d5a056bedf60_image,2292,2807,test
8727f101e9f6_image,2355,2780,test
405d774f17d5_image,3032,3032,test
eff9f15c7e9b_image,3395,3712,test
61884a13a399_image,2520,3032,test
f5b45b497add_image,3480,4248,test
904324209389_image,2539,3014,test
b04178e642ed_image,2320,2832,test
bf5c7ef3b72a_image,3488,4256,test
040d0765b661_image,2991,2992,test
30b1c089724e_image,2800,3408,test
7f4b304253ac_image,1140,1387,test
11f8052288c7_image,3480,4248,test
7750ed45ff97_image,3480,4248,test
a9d318c0b89e_image,2800,3408,test
ae357fad39c2_image,2800,3408,test
c1bb54cfe02f_image,2298,2846,test
8ea54e20fd42_image,3488,4256,test
a43e755ee84f_image,2874,2808,test
413344e1032c_image,3480,4248,test
5163e54f5fc1_image,2467,2978,test
5592c8778ae2_image,2539,3050,test
1bc8687f938e_image,2400,2880,test
1093f305a358_image,2320,2832,test
158cc858a485_image,2320,2832,test
52f02af216bb_image,1140,1387,test
e427d54f3926_image,2436,3032,test
1d981fb423e0_image,3480,4248,test
e730aa7fca0a_image,2520,3032,test
c614d8c2e47e_image,2544,3056,test
6d66127d071d_image,2540,2880,test
898d24f3cda6_image,2520,2637,test
0026720152f5_image,2996,2988,test
1b40a20045ee_image,2874,2840,test
96780bd04f67_image,2328,2928,test
1047ca1a704c_image,2330,2846,test
f038e6d16303_image,2532,3050,test
b74f81d65e79_image,3032,3032,test
cf292f843e25_image,2336,2836,test
cb75251076c7_image,2544,3056,test
6b07294c7674_image,2800,3408,test
7f090fbd8e7c_image,2330,2846,test
04720d7e4e42_image,3488,4256,test
340c9cf3b19a_image,2544,3056,test
d750be1736db_image,3480,4248,test
6a5a6eaef699_image,2330,2846,test
26f2478e3e85_image,2991,2992,test
955bf1edd532_image,3480,4240,test
bb6f8089e6df_image,2800,3408,test
25e11b9fb687_image,2800,3408,test
3d4fb4320278_image,2801,2802,test
049fce8128f9_image,2680,3408,test
9e78e0ae2f3e_image,2680,3408,test
e831bebfa015_image,2544,3056,test
966b86658ed3_image,3480,4248,test
e32589cd4421_image,2436,3032,test
7035dc2026f0_image,2847,2995,test
d0e829b775fe_image,3052,3052,test
8f925628e0f2_image,3488,4256,test
b30d2aef985f_image,3480,4240,test
37bf83df1b86_image,3480,4240,test
ebcc9bedfa05_image,2010,2431,test
1c69c1af9a67_image,2540,2880,test
eb3fe9eb8e39_image,1760,2140,test
81bae2b0c027_image,1140,1387,test
d5911a060ee4_image,3488,4256,test
e9783e91ed84_image,1760,2140,test
f3239829a8dc_image,2336,2836,test
849c83d5af12_image,1140,1387,test
144c27a2554a_image,3052,2948,test
abe007e3fc08_image,2336,2836,test
41251dd79bb3_image,2249,2555,test
f87f1ab5729e_image,3480,4248,test
5232ab4c4671_image,2336,2836,test
78d62cb36b01_image,2328,2928,test
04de800ea41a_image,2436,3032,test
03fa9d7e94a8_image,3052,3052,test
b5b53f0a4947_image,2800,3408,test
1ab561ec5f7e_image,3480,4240,test
c81d1d4a4d70_image,2539,3050,test
05a70a1c16c1_image,3488,4256,test
16d5b63ac279_image,3052,3004,test
1a1722362e19_image,3480,4248,test
f99f9714b911_image,3480,4248,test
45a57e934e94_image,2540,2880,test
ad97e89134ca_image,2010,2431,test
256f0960de75_image,2538,2835,test
3f133fac447c_image,3480,4248,test
1ed201489300_image,2671,2477,test
767f10b9aab5_image,3480,4240,test
4c3dbddfc294_image,2554,2423,test
1f927318863d_image,2320,2832,test
08b12b305a50_image,2320,2828,test
4c2d931d0f33_image,1760,2140,test
154b6a49ff75_image,2544,3056,test
509c535a3dc1_image,2336,2836,test
ae001742d48b_image,3480,4240,test
5175b9a4a25e_image,2560,3072,test
aeaa44932cdd_image,2336,2836,test
ec563919514c_image,2114,2408,test
1b640a2839db_image,2330,2846,test
8857adac8318_image,2320,2832,test
3a73591225ea_image,2010,2446,test
5fa584b8b4ad_image,3480,4240,test
65045f5ef280_image,2520,3032,test
079be2a10982_image,2180,2660,test
66d812201e73_image,3480,4248,test
ddd7ad8b0c41_image,2320,2832,test
5b12f6b2c93e_image,2544,3056,test
781a92a65529_image,2320,2832,test
23d8a619f39c_image,3488,4256,test
eb4d5d8af5a5_image,3052,3004,test
6cc1a9065abb_image,2544,3056,test
2083ae742497_image,2544,3056,test
d6809af17965_image,2436,3032,test
55433651ec05_image,1798,2171,test
28d0fa664e61_image,3488,4256,test
b1e35564ea39_image,3052,3052,test
5058f3b157e3_image,2544,3056,test
6ca497c845ef_image,2544,3056,test
5a73ab51749e_image,2010,2446,test
1863b31637f6_image,3480,4248,test
160cfef3014f_image,3488,4256,test
9603112b4c2e_image,3480,4248,test
2955c5ce3f0f_image,2544,3056,test
70bee63a6740_image,2520,3032,test
eb6cabb0b9f2_image,1140,1387,test
6be63db536d7_image,1760,2140,test
3fe73d3b28b9_image,2539,3050,test
776686ca2f1b_image,2544,3056,test
c0a746ef9f9f_image,3480,4240,test
be53bfb563b3_image,2544,3056,test
1ce9abb861b6_image,3480,4248,test
87a0829f53c1_image,2496,2982,test
603addd70746_image,2320,2832,test
fbf41ac72bdb_image,2520,3032,test
cdc6e15cc1a6_image,2416,2872,test
7509f6912049_image,2560,3072,test
1359178e428a_image,2544,3056,test
51ea4e1227bd_image,2292,2344,test
6f423b9b0633_image,2320,2832,test
793167fdec10_image,3052,3052,test
bea59325e32c_image,2800,3408,test
e1635f289c95_image,2874,2816,test
2857f0e19e09_image,1760,2140,test
0418a303883e_image,3000,3000,test
fdbaf93d6c5b_image,2249,2464,test
557a70442928_image,3320,3408,test
5eb97e03c468_image,3488,4256,test
0c8af80ba8cb_image,2436,3032,test
4eceeddd00ca_image,2320,2832,test
5e8d99b9ab38_image,2336,2836,test
b93887026df6_image,2194,2085,test
f78ec02bc8d8_image,2330,2846,test
6ea59a2ee627_image,3480,4248,test
797fe7acf67b_image,2539,3050,test
5a2b8c736aa3_image,3971,3498,test
223115cbf342_image,3050,2539,test
3be5852db61e_image,3480,4240,test
7a31d8763221_image,2520,3032,test
4d105a99d866_image,2428,2428,test
445298de90b9_image,3488,4256,test
1f49246b305e_image,3480,4240,test
760acda93997_image,2544,3056,test
fce43e07637a_image,1140,1387,test
e3a4dddc69b6_image,3032,3032,test
0f147ee4a61b_image,3480,4240,test
edd69153435a_image,3480,4240,test
d916d2169020_image,2192,2836,test
56a3fb6663bf_image,2336,2836,test
ad7c68b8f111_image,3480,4240,test
faf630376fa9_image,3480,4248,test
98fbac3667c9_image,2520,3032,test
516e4adba012_image,2320,2832,test
abd45a0023eb_image,1140,1387,test
07c552c36da3_image,2539,3050,test
b39bb8f504fb_image,1387,1140,test
8b6ebd55c8c8_image,1140,1387,test
e252ffbf487e_image,2336,2836,test
d3d02532e1cf_image,2416,2872,test
7d0b75feaa8a_image,3062,3038,test
2de24d1c32bb_image,3032,3032,test
98118511c57b_image,1140,1387,test
be4b4301c5e4_image,2991,2992,test
6746a1932779_image,1760,2140,test
bfaffdf740f5_image,2991,2992,test
b3d87adb933b_image,2292,2807,test
9a1185f5ff34_image,2436,3032,test
4810ae5dbc08_image,3488,4256,test
3d639e7999a5_image,2544,3056,test
84d25a1cef94_image,2133,2362,test
114f7f3baedf_image,1875,2296,test
31c07523a69a_image,3488,4256,test
b081d24bd60f_image,3488,4256,test
a269f69b335e_image,2996,2988,test
802b634297a0_image,2954,2991,test
1aff7e4ed470_image,2800,3408,test
822b6007287e_image,2801,2992,test
f97bf716e365_image,2616,2867,test
8bc924bcab6f_image,3480,4248,test
817301ec71da_image,2540,2880,test
6e13fdb97952_image,3320,3408,test
3247432330d8_image,2560,3072,test
b4eed879daf4_image,2320,2832,test
268d472480ec_image,1760,2140,test
9f1c1a909d7f_image,2336,2836,test
c0f5131b1c99_image,2968,2833,test
1c8df7067e35_image,3052,3052,test
11b60db4052a_image,2832,2957,test
ecb545d2ff15_image,2544,3056,test
3ed35204df56_image,2716,2668,test
11dbf622932a_image,1917,1638,test
c61fe263d5e3_image,3480,4248,test
0c4d32f6b806_image,3488,4256,test
12fbfd355d88_image,1140,1387,test
c24b6850df7d_image,2539,3050,test
c5ac37cc6234_image,2330,2846,test
2ba135370ac3_image,3488,4256,test
e19d8286b13b_image,2544,3056,test
cdfdbadb85c1_image,3480,4240,test
ff88ed1df29b_image,2336,2836,test
f2038cb67c83_image,2320,2832,test
82b36d045a12_image,3480,4248,test
cbb693ad2012_image,2979,2996,test
01f948f8e544_image,2991,2992,test
046b1edf6801_image,2336,2836,test
e78f51cdf0b8_image,2544,3056,test
05e168e0d636_image,2991,2814,test
c8ebcc491f27_image,2336,2836,test
5378fb58d2d1_image,3480,4240,test
cd6acf7eecab_image,2330,2846,test
d764b622b4b5_image,2436,3032,test
d4f61c144f48_image,2330,2846,test
e20cf732e8eb_image,2801,2802,test
d8e2ec854be4_image,2991,3000,test
087f2e308700_image,1853,2215,test
ffb8115a304c_image,2701,2990,test
05ab2c886dc1_image,3000,3000,test
efd8a04416af_image,3032,3032,test
de56c2d5b778_image,3032,3032,test
0af6a45668be_image,2436,3032,test
4041be34745f_image,3488,4256,test
cca081560d98_image,2520,3032,test
c263b1e9aa64_image,2801,2802,test
2dbd5f171a0f_image,2544,3056,test
efcfaa82fcb8_image,2336,2836,test
afc074e1bdb7_image,2544,3056,test
e49489fcf5c0_image,2520,3032,test
ca107bb3a592_image,2520,3032,test
6c4cdd180e0d_image,3480,4248,test
47ea205fd755_image,2544,3056,test
0562436fde50_image,3520,4280,test
ab0a95dee3b0_image,3480,4248,test
94573ab529f3_image,2800,3408,test
539931eced05_image,2336,2836,test
8cf062b99674_image,1140,1387,test
a6fae2436886_image,2801,2798,test
53c971120ab1_image,3480,4248,test
4c3ca06916a1_image,2336,2836,test
b09b20b44640_image,2336,2836,test
75a172588bc8_image,1140,1387,test
e00b7784d1eb_image,2801,2802,test
7cc2f3d9b469_image,2336,2836,test
fed3a460884c_image,2330,2846,test
43e370c03cd2_image,2320,2832,test
5badf765648c_image,2991,2992,test
9bce1b51617d_image,2336,2700,test
55f69f03ee2f_image,2942,2961,test
39756fea8654_image,2320,2832,test
55ecad406759_image,3488,4256,test
c3c99fea8c77_image,3480,4240,test
d393233d1b40_image,2540,2880,test
ab46f325ad85_image,2460,2650,test
e8d801584d89_image,2336,2836,test
5878b290f09a_image,2010,2446,test
df829b7602ce_image,3052,3012,test
a492841dcf21_image,1760,2140,test
833fc5c718dd_image,2320,2832,test
2533fc9ec975_image,3052,2940,test
4f7f40e478b1_image,2874,2808,test
b7eb3f96fb93_image,3480,4240,test
b854ff324fbb_image,2203,2170,test
fd65cc14da23_image,3480,4248,test
51aedbecbf46_image,2540,2880,test
50de91c4297d_image,3480,4240,test
237aafc42d57_image,2336,2836,test
198ffac65dac_image,2539,3050,test
ae9c9f0b03da_image,2520,3032,test
fbdb5bff26f2_image,2800,3408,test
01c3512eebc3_image,2801,2802,test
6be23f5c40f3_image,2539,3050,test
3a2aa71a792e_image,3494,3800,test
17d708d24ae8_image,2330,2846,test
374e1b87d7b8_image,2828,2320,test
476dec5c36e1_image,2320,2832,test
4c56fe85fa4f_image,1140,1387,test
2e131066f152_image,3032,3032,test
32b211904f5b_image,3480,4240,test
9d2e46f17c72_image,1760,2140,test
a8217ee2d2a0_image,3480,4248,test
271bea69026c_image,2320,2832,test
1c937e2b91a9_image,2404,2428,test
dfc5c09a50bc_image,1140,1387,test
604bd55c21c6_image,2448,2880,test
acc80ec7e327_image,2021,1810,test
a0f473f71878_image,2320,2832,test
52168ec4f7c5_image,2416,2872,test
db9ea9c5067e_image,3480,4248,test
337662fe44ef_image,2336,2836,test
36ba388a18df_image,3480,4248,test
e61e420938b6_image,3488,4256,test
d438ffd35a00_image,2544,3056,test
19b0d2d65a38_image,2539,3050,test
fe97de4edad5_image,2980,3052,test
d09b2158a7c3_image,1451,1756,test
bb1d9e39b848_image,4020,4891,test
363dd47c8b10_image,3480,4248,test
c34113e0228a_image,4020,4891,test
d1a0f21a848f_image,2320,2832,test
59911e31f963_image,2416,2872,test
a840d15a7cdc_image,2416,2872,test
c28570a073d9_image,2536,3048,test
36e1a455aafc_image,2540,2880,test
b7ec5afe1084_image,3488,4256,test
8d6d32d0822e_image,2416,2872,test
71dc3bd13f18_image,2957,2982,test
7e11aff74953_image,2539,3050,test
ecebf3314fbd_image,2539,3050,test
c0c89f864fda_image,2991,2992,test
363fbf00088c_image,2539,3050,test
11b8e5179115_image,2241,2534,test
c440ed025b38_image,2801,2802,test
13c550e44b7c_image,2400,2880,test
08bbffaafbe7_image,2320,2832,test
33e0c978d0da_image,2800,3408,test
11ef0d77a9c9_image,2539,3050,test
18e043b70fda_image,2336,2836,test
fa0c84ee4577_image,3480,4240,test
fe0cf147b965_image,2989,2992,test
ebaebf6b1e02_image,2416,2872,test
159cbf4e41e4_image,3488,4256,test
b0e7fab418bc_image,2336,2836,test
375b61c5cc94_image,1760,2140,test
aba653aebd55_image,2801,2798,test
09443dcb865f_image,2801,2798,test
89426c0c18a8_image,2860,2868,test
305870c916a4_image,3488,4256,test
1cbd87cb6bf9_image,2603,2662,test
4c0658c05a64_image,3032,3032,test
aad5bc70a20e_image,2544,3056,test
c00bae0e7714_image,2330,2846,test
ab471797d0a8_image,2436,3032,test
09a38ab5a5bd_image,2714,2816,test
1e7429ce2e06_image,3480,4240,test
e420d66bb7f8_image,2520,3032,test
0ed283a366dc_image,2938,3708,test
89015a2258aa_image,2400,2880,test
a2bc78e322a8_image,2539,3050,test
d6c2f07ca4ba_image,3488,4256,test
a4067adac314_image,2678,2621,test
d16be9684636_image,2416,2872,test
3288907ddc51_image,2520,3032,test
7934201faebb_image,2536,3048,test
fbb175d04c3b_image,2996,3012,test
d6387e1c8161_image,2226,2846,test
6828795ea830_image,3480,4240,test
65a02e95292e_image,3488,4256,test
5adf919e765a_image,3480,4240,test
904141862f44_image,3032,3032,test
e2f83c4e9c79_image,3480,4240,test
b168e230f3f5_image,2540,2880,test
04a083828fec_image,2544,3056,test
f07e4a04078a_image,4020,4891,test
a706ebbc447a_image,2416,2872,test
37cbf79c6de0_image,2416,2872,test
303840f71bb5_image,3480,4248,test
d519913779f2_image,1140,1387,test
1a330ec81ee3_image,2416,2872,test
32b23b347bb0_image,3480,4240,test
6dea3c3d1efa_image,4240,3480,test
e53c7af3541a_image,2725,3200,test
a0f6e42396fc_image,3480,4248,test
96948f97f356_image,2544,3056,test
e3eeddbfba24_image,3488,4256,test
7c77f9aa3a25_image,3494,3557,test
64ea82b1343f_image,3488,4256,test
942313ae4303_image,3480,4248,test
f58258eeaa42_image,1140,1387,test
25d33047633c_image,2486,3408,test
fc45a3b144a7_image,2486,3408,test
649b529933d6_image,2010,2431,test
ee580bf07fa1_image,2539,3050,test
6bce1f945580_image,3000,2997,test
3dfa8d9f66f4_image,2540,2880,test
697a674d44e0_image,1387,1140,test
4fe0444d7fc5_image,2392,3014,test
d62e3d8adae9_image,2544,3056,test
4eb36901f082_image,2544,3056,test
ba2d7962e757_image,2544,3056,test
c0b95ee9cc9f_image,2800,3408,test
56b010725833_image,2359,2784,test
0f50aabaa314_image,2539,3050,test
91faf22d3721_image,2540,2880,test
98bab257d89b_image,2874,2840,test
164dd63ae571_image,2336,2836,test
b411d3c30168_image,2290,2726,test
d6bfc693ebd0_image,2682,2808,test
d706eea1b70c_image,2539,3050,test
d42b21e5f6cd_image,2673,2637,test
9951f793880c_image,3480,4240,test
11541455ef19_image,2400,2880,test
d0e4465e3731_image,3488,4256,test
a489286e78c1_image,2436,3032,test
bdd60ba8638e_image,3480,4248,test
dfb6a487e854_image,3480,4240,test
180a5ea482c5_image,3488,4256,test
b92e6f1b6c1b_image,1760,2140,test
551957feafcc_image,2516,3027,test
91e5e9e37c58_image,2336,2836,test
e150241b43a4_image,2336,2836,test
0d50bce86451_image,2241,2257,test
8be9683b4acc_image,2800,3408,test
32ecb7330e19_image,2336,2836,test
9677eff4374d_image,2867,3408,test
0d4ba5dc4a24_image,2846,3320,test
2ddefbb957e9_image,3480,4240,test
d8407edd456b_image,2336,2836,test
1308d8906c2e_image,2436,3032,test
7169a450d1bf_image,3052,3012,test
eeeb7da65659_image,3480,4240,test
949ea39318e2_image,1140,1387,test
a43200bd5ceb_image,2336,2836,test
6a99f80ffa1b_image,2972,3000,test
50201fe80b1b_image,2336,2836,test
fd7f440d5444_image,3480,4248,test
6d3f777f0a8c_image,2336,2836,test
79e957055a36_image,2800,3408,test
90fa4db1ab87_image,1140,1387,test
7e3c0527ddb7_image,1958,1960,test
3612ee150596_image,2800,3408,test
8d2c75ff8149_image,2800,3256,test
609361f18122_image,2808,2864,test
3e4b4468eca3_image,3488,4256,test
fa29fd163597_image,2328,2928,test
d69b4547fc69_image,2678,2587,test
d42cadfaac8f_image,2991,2986,test
27a4a0d2b7ec_image,2863,2963,test
b873cfe5cead_image,2516,3027,test
f1774ffc9c4b_image,2544,3056,test
de0cf08fcad0_image,2544,3056,test
82af7f7081d7_image,2336,2836,test
633e41912f6e_image,2336,2836,test
ba0cf340582d_image,3488,4256,test
9bee9808a9d4_image,1140,1387,test
6c0e9f010b2b_image,2320,2832,test
ee2b112cdd91_image,3012,3052,test
c22134ea64bc_image,2539,2841,test
cee98095dd28_image,2021,2021,test
b5e287db5781_image,3488,4256,test
1c1c48cb66e4_image,2544,3056,test
639f6bf3c727_image,2180,2660,test
440de3bfe05a_image,2996,2988,test
349d5e5d8690_image,2823,3278,test
cc2c3a3d2f4b_image,3052,3020,test
51d9dda5e493_image,2400,2880,test
cfcbddf07c58_image,3480,4240,test
2a1dae5f6b5f_image,2544,3056,test
82198019c4a4_image,3488,4256,test
1c13336fc8a9_image,2520,3032,test
7a09311ec3fa_image,3480,4240,test
d021e4e09628_image,2498,3027,test
1b282faf0f42_image,2498,3027,test
93be428f5dcf_image,2320,2832,test
ccc5b63ca96d_image,2520,3032,test
5e8ac1fe2b82_image,2520,3032,test
d0b546b42023_image,2010,2431,test
fbc094e9276f_image,3052,3052,test
50dfcc0c2826_image,3480,4240,test
5b27050cfb90_image,1140,1387,test
91558723b2cd_image,2544,3056,test
896d667947af_image,1341,1674,test
977a20a10137_image,2336,2836,test
5596c4063d58_image,3006,3006,test
89f860cec129_image,2991,2992,test
3b1dcd10fa0e_image,2633,2959,test
e2c038335c9a_image,2336,2572,test
0c2ad4c7a6c4_image,2540,2880,test
5c90beaa5c48_image,3480,4240,test
957550f711ee_image,2544,3056,test
f533f5259633_image,2544,3056,test
2fca6fe9c1ba_image,2544,3056,test
4bf0dc7bae40_image,3480,4248,test
07eb8cf8958a_image,2330,2598,test
9f10e1534e81_image,4248,3480,test
6de46911f968_image,4248,3480,test
69ffab5539ec_image,3480,4248,test
9d0f2c2645da_image,1760,2140,test
ea9ee4d59c59_image,1760,2140,test
5e64da034f7a_image,1760,2140,test
e3cd1fdf2444_image,2539,3050,test
67f192ad1a53_image,2320,2832,test
7c95cf673952_image,2416,2872,test
bbb202078733_image,2330,2846,test
e59126042b0e_image,2560,2984,test
e036a057d0cf_image,3480,4248,test
73eb8898d211_image,3480,4248,test
bca76008a759_image,3480,4240,test
471f3f81a718_image,2538,2835,test
49e9379c42dc_image,2336,2836,test
4040afec3ee4_image,2548,3060,test
25b281d5a9f3_image,2320,2832,test
fcc09eaa77c4_image,2520,3032,test
2f8c1d151802_image,2213,3020,test
fe508ca896d7_image,2336,2836,test
4ffdca4189d5_image,2320,2832,test
d0c7ebd93e70_image,1140,1387,test
9c297e900f67_image,1140,1387,test
51cbf7662bee_image,1140,1387,test
a5f2fd8c90cf_image,2722,3408,test
620191dbdfa4_image,2592,3005,test
34b713a5bb1d_image,2520,3032,test
1b4cf5e0fbe0_image,2320,2828,test
f2d98750a22c_image,2330,2846,test
f554169c1277_image,2540,2880,test
cdc508b061fa_image,3480,4248,test
d866b471de43_image,2336,2836,test
c43e88a44468_image,2336,2836,test
b57e134bbaef_image,3488,4248,test
8887b33c4bb3_image,2516,2993,test
9883f5325492_image,2520,3032,test
1c1e9d3f5bab_image,2348,2650,test
d5d3ededa34e_image,2539,3050,test
2bc3736cc7bf_image,2520,2871,test
d91b58caa74d_image,2520,2871,test
8b901c5f333a_image,3032,3032,test
dded54f9de15_image,3032,3032,test
fe501aa91e43_image,2800,3408,test
6ce67071aa0e_image,2336,2797,test
6aedc81fb62d_image,2800,3408,test
261b3d1adfe4_image,2012,2012,test
cf0bf9859b12_image,3480,4240,test
3a81bc9c91c9_image,2336,2836,test
f504d269be24_image,3480,4248,test
a74e51891aa8_image,1760,2140,test
8829d22c3e2b_image,2544,3056,test
1a4c378605f5_image,2539,3050,test
0821e77a60ed_image,1760,2140,test
3f1439b85338_image,2539,3050,test
ff5448be90d5_image,3520,4280,test
ecdd379e2a9b_image,3488,4256,test
9f6cc74b0062_image,2320,2832,test
8fbc90b33f87_image,2971,2977,test
06abdb2562ce_image,2874,2808,test
59c4bfbf8b5b_image,2336,2836,test
3bf0dc73f1fe_image,2336,2580,test
c3deaf98bf56_image,2010,2431,test
b5a75701a05e_image,2447,2989,test
5dba2b3647b1_image,3480,4240,test
c3d79bd7e833_image,2536,3048,test
7b2ccb25396a_image,2801,2798,test
09b64291b1b9_image,2428,2428,test
d40d1b28e300_image,2336,2836,test
35dd17ea3e6a_image,3480,4240,test
4d56b2fc668c_image,3032,3032,test
fc332a1e51c9_image,2336,2836,test
bcefb8e50563_image,4240,3480,test
978e985f0c70_image,2539,3050,test
181a2a300bb8_image,2320,2832,test
7ea12126a6e3_image,2130,2636,test
e95803934fc4_image,3032,3032,test
a1883aeaa8f0_image,2320,2832,test
ba0b49821b69_image,2713,2964,test
57879f49e8a7_image,3012,3052,test
adb60ba82edf_image,3488,4256,test
34270243e572_image,2871,2606,test
5b75a1de503b_image,2800,3408,test
8262b27852b3_image,2800,3408,test
5ba33931fc64_image,3480,4240,test
49c1b06028a1_image,3480,4240,test
6cc1f1900818_image,1611,2985,test
3d56a237b6be_image,2800,3408,test
6ca7b75a4796_image,2801,2802,test
816bb3680b2a_image,1140,1387,test
dea7079400f8_image,3000,3000,test
550a6a9ee91e_image,2539,3050,test
b138b32605b0_image,2991,2992,test
949b8bf1079a_image,2516,3027,test
93ddd4e6eb4c_image,2540,2880,test
a6a0ba6efa97_image,3480,4248,test
da3860170bad_image,2544,3056,test
7529a3e9745b_image,2416,2872,test
f3f3ea70d5a7_image,1140,1387,test
3bb8935d30d9_image,3480,4248,test
adc2ac4726e2_image,3488,4256,test
3b5f48db44cc_image,3480,4248,test
f17999420b3f_image,2890,3001,test
59d238641bee_image,3004,3052,test
db4cecc08fe8_image,2544,3056,test
c5d9340b49ee_image,2539,3050,test
4fff9ae1ff37_image,3052,3020,test
d50e6d47864b_image,2330,2846,test
47a976677416_image,1140,1387,test
1078af8ac3b7_image,2336,2836,test
946a0aa2bb58_image,2330,2846,test
b16a04496b57_image,2540,2880,test
ce34bdbe98b5_image,2544,3056,test
ae9849096225_image,3480,4248,test
82c5cf0b451c_image,2544,3056,test
f39044d6c511_image,3488,4256,test
b576b0f1eeac_image,2989,2992,test
11b9ab3af3db_image,2483,2564,test
e5e44940be7a_image,2735,2622,test
c6fa6b9b8093_image,2735,2622,test
664250f0f623_image,2416,2872,test
bb6fc945fc18_image,2082,2349,test
9eb5cb68d2ca_image,3320,3408,test
cdd9c6e8d821_image,3480,4240,test
c6c9bf98487a_image,2321,2641,test
0bbb78f96f46_image,2835,2791,test
6f3931d7257e_image,2991,2992,test
0d47ef3e87e4_image,2536,3048,test
0f813cc26e33_image,2539,3050,test
9bc2041c6ac0_image,2544,3056,test
825dd8f7aca2_image,2165,2762,test
41c26ea10186_image,2438,2589,test
71dfba1a08de_image,3488,4256,test
58bc298e0f9f_image,2320,2832,test
6f9d2683e93e_image,4240,3480,test
317df13caea9_image,2760,3408,test
b69c808bc09b_image,3480,4240,test
ede662a3de87_image,2416,2872,test
699fc1ec26f9_image,2539,3050,test
bf8e59f80d5c_image,3480,4240,test
b5b00763a191_image,3488,4256,test
abedbc04a891_image,2801,2766,test
04396dd5af2f_image,2320,2832,test
6dd0cdbd225f_image,2330,2846,test
4eb9a8ab1559_image,2477,2604,test
9f525be80c70_image,2800,3408,test
14ec6bdb5641_image,4020,4891,test
57d169dabba7_image,2540,2880,test
b708990b8e03_image,3052,3052,test
9cd592696284_image,2991,2992,test
6e798a5025b7_image,2330,2790,test
ea7909e782fe_image,3480,4240,test
c836922a723b_image,4240,3480,test
53b0dc275cb0_image,2320,2832,test
129846482a83_image,3000,3000,test
df937504e546_image,3000,3000,test
afce260dc959_image,2544,3056,test
d35dc6f25249_image,2436,3032,test
7731db2caed2_image,3480,4240,test
2a2f54eb48df_image,2996,3052,test
b22a9e82f34e_image,2336,2836,test
17e40efa4596_image,1760,2140,test
e8d690e0d67d_image,2800,3408,test
eaa1d528538f_image,3480,4248,test
3730eb76afba_image,3480,4248,test
e5f1d33714e6_image,1140,1387,test
beeb1db9f010_image,2544,3056,test
f2be75ff15ba_image,4248,3480,test
db1af486b119_image,2801,2802,test
236d240402cd_image,2336,2836,test
042979d394a1_image,2336,2836,test
6610e4632963_image,2336,2836,test
0d617e83e527_image,2400,2880,test
85b6452b47cc_image,2800,3408,test
c4cea0fb5e7d_image,2539,3050,test
ea71a8b95d30_image,2544,3056,test
aa6b768d3161_image,2544,3056,test
0cc69a8f538c_image,3488,4256,test
dc5141a2316a_image,4020,4891,test
87d8baf120a6_image,3480,4240,test
251f897c9e10_image,3052,2780,test
f2eaa573742f_image,2060,2150,test
7984338fa964_image,2010,2431,test
04f4a36c08a2_image,1140,1387,test
9188ac2c54fe_image,2544,3056,test
11d59a5488ed_image,2801,2802,test
27d3da7a8e3d_image,3480,4240,test
e8b4525ec41f_image,2336,2836,test
4fe79f658041_image,2336,2836,test
9c460da48071_image,2801,2802,test
49fb3141efe3_image,4020,4891,test
386343f0df08_image,2539,3050,test
f77d7d1aebab_image,3052,3012,test
7205313f062a_image,2991,2992,test
84680684e418_image,2520,3032,test
3d623665afd7_image,3000,3000,test
0feac35cd28b_image,3480,4248,test
8b3366ec66d4_image,2540,2880,test
71a354af0223_image,2336,2836,test
366e7eb393e5_image,3198,3056,test
4d6c8e93e7c9_image,3488,4256,test
a88f38a36bb2_image,3480,4248,test
7bbafcdea0cc_image,1140,1387,test
ed74d42fc445_image,2436,3032,test
d0d3d60f8914_image,1140,1387,test
c02ef6a70c7e_image,2336,2836,test
dba0caa176ce_image,2913,2539,test
2aaab6a41f1a_image,2330,2846,test
9a526c2b4891_image,1140,1387,test
a9330037dce2_image,2544,3056,test
2b9cfe857b00_image,2436,3032,test
f31bb833e467_image,2800,3408,test
422c0e145066_image,2648,2867,test
46719b856de1_image,2648,2867,test
8c3864112d54_image,2436,3032,test
9e525f16490a_image,2336,2836,test
0cea7e93db89_image,3480,4240,test
14658311d76e_image,3052,3052,test
64c64a317c96_image,2320,2832,test
858667501a67_image,2436,3032,test
afd960320c38_image,1140,1387,test
88b9ca325a4c_image,2988,3052,test
516d9b3ee48c_image,3480,4248,test
ee27ca277911_image,2544,3056,test
ea79274e2bfd_image,3052,3052,test
da66593f5d16_image,3000,2994,test
4b0058c1f54e_image,2800,3408,test
beb51e05dbc5_image,2544,3056,test
5c4c752c1e46_image,2991,2992,test
21d1f013892c_image,2560,3072,test
404d53460643_image,3480,4248,test
ea5341f767eb_image,3052,3004,test
574b38d8f6ee_image,3488,4256,test
5bab1b955f2a_image,2302,2539,test
9b0ab5582681_image,2520,3032,test
db9da8404d58_image,2539,3050,test
222601cefe1b_image,2436,3032,test
61505043bc32_image,3480,4240,test
2a316bf62f59_image,2320,2832,test
12ae063a0dda_image,3052,3052,test
53316aefede6_image,2722,3005,test
fe2c1dc506e7_image,2202,2816,test
2dad900da56f_image,2010,2431,test
409322480a9b_image,2436,3032,test
155f5e326d5e_image,2544,3056,test
26454c05ce6e_image,3480,4248,test
1ff307ae0df6_image,2320,2832,test
6707b082f3c9_image,2416,2872,test
88debce8e1c3_image,2544,3056,test
1c9c9f68941e_image,2320,2832,test
2a2019322d8e_image,3480,4240,test
37811132dc96_image,2416,2872,test
d88e65063aef_image,2416,2872,test
ffc66893d9ea_image,2336,2836,test
e5c56ef2d194_image,2540,2880,test
7bf91ffc125c_image,2996,2988,test
c5c3fab94f6f_image,1664,1776,test
f016fe5579d7_image,1140,1387,test
f8ed7c6111f1_image,2336,2836,test
536da2d8df21_image,2800,3408,test
7b0e22a045ef_image,2539,3050,test
1fba9eccac03_image,2544,3056,test
f785f9c6bbf7_image,2800,3285,test
d3270449d5c5_image,3296,3050,test
773998cb3cbe_image,2874,2808,test
c7ef36caa2fa_image,2436,3032,test
b4b6e82b3dc9_image,2544,3056,test
eeff73683974_image,2996,2876,test
9ad80e79362f_image,3052,3020,test
fd435a3c012d_image,1140,1387,test
a356db474991_image,2544,3056,test
95be2813ba36_image,3480,4240,test
e3179eb2ff82_image,2544,3056,test
11abda231924_image,3488,4256,test
c1de38ec41d6_image,2536,3048,test
5ac874337f82_image,3488,4256,test
69ace2980660_image,3480,4240,test
2f9ccb6faa68_image,2336,2836,test
a67ef603134f_image,3480,4248,test
c788095df8f2_image,1140,1387,test
2686959fb3a5_image,2312,2836,test
99978f106a39_image,1140,1387,test
d1e5994d79de_image,3480,4248,test
7e2e014e1656_image,2539,3050,test
1c47d2fcee72_image,2800,3408,test
6758e5ed7742_image,2261,2711,test
a82ca8f37fb6_image,3480,4248,test
82da4f94ce03_image,2650,2527,test
ab97e736a971_image,3488,4256,test
064b37b01cd2_image,3480,4240,test
02eceb0fc405_image,3488,4256,test
16a0d37747d7_image,3520,4280,test
aa55fc6c616c_image,3001,3001,test
36be4f943382_image,2800,3408,test
